Department,College,
Electrical and Computer Engineering,College of Engineering,
"Civil, Construction and Environmental Engineering ",College of Engineering,
Mechanical Engineering,College of Engineering,
Aerospace Engineering,College of Engineering,
Industrial and Manufacturing Systems Engineering,College of Engineering,
Chemistry,College of Liberal Arts and Sciences,
Mathematics,College of Liberal Arts and Sciences,
Food Science & Human Nutrition,College of Human Sciences,
Kinesiology,College of Human Sciences,
Philosophy & Religious Studies,College of Liberal Arts and Sciences,
Agronomy,College of Agriculture and Life Sciences,
Horticulture,College of Agriculture and Life Sciences,
Veterinary Clinical Sciences,College of Veterinary Medicine,
Vet Microbiology & Preventive Medicine,College of Veterinary Medicine,
Vet Diagnostic & Production Animal Med,College of Veterinary Medicine,
Biomedical Sciences,College of Veterinary Medicine,
Business Administration,Ivy College of Business,
English,College of Liberal Arts and Sciences,
World Languages and Cultures,College of Liberal Arts and Sciences,
"Biochemistry, Biophysics & Molec Biology",College of Liberal Arts and Sciences,
Plant Pathology/Entomology/Microbiology,College of Agriculture and Life Sciences,
Laboratory Animal Resources,N.A.,
Natural Resource Ecology and Management,College of Agriculture and Life Sciences,
Geological and Atmospheric Sciences,College of Liberal Arts and Sciences,
"Business, Ivy College of",Ivy College of Business,
Statistics,College of Liberal Arts and Sciences,
Institute for Transportation,N.A.,
Agricultural and Biosystems Engineering,College of Engineering/College of Agriculture and Life Sciences,
"Ecology, Evolution & Organismal Biol",College of Liberal Arts and Sciences/College of Agriculture and Life Sciences,
Chemical & Biological Engineering,College of Engineering,
Psychology,College of Liberal Arts and Sciences,
Political Science,College of Liberal Arts and Sciences,
Sociology and Criminal Justice,College of Liberal Arts and Sciences/College of Agriculture and Life Sciences,
No Data,No Data,
Animal Science,College of Agriculture and Life Sciences,
Business Specials (Non-Degree),Ivy College of Business,
Greenlee School Journalism/Communication,College of Liberal Arts and Sciences,
Microelectronics Research Ctr,N.A.,
Human Development & Family Studies,College of Human Sciences,
Economics (AGLS),College of Agriculture and Life Sciences,
Agricultural Education & Studies,College of Agriculture and Life Sciences,
"Genetics, Development & Cell Biology",College of Liberal Arts and Sciences,
School of Education,College of Liberal Arts and Sciences,
Computer Science,College of Liberal Arts and Sciences,
History,College of Liberal Arts and Sciences,
Liberal Arts & Sciences Administration,ge of Liberal Arts and Sciences,
Center for Excellence in Learn & Teach,N.A.,
Architecture,College of Design,
"Apparel, Events & Hospitality Mgmt",College of Human Sciences,
Bioeconomy Institute,N.A.,
Interior Design,College of Design,
Engineering Administration,College of Engineering,
 Nanovaccine Inst,N.A.,
Economics,College of Liberal Arts and Sciences,
Physics and Astronomy,College of Liberal Arts and Sciences,
Human Development and Family Studies,College of Human Sciences,
Materials Science & Engineering,College of Engineering,
 US Latino Studies Program,College of Liberal Arts and Sciences,
 Counseling Psychol Program,College of Liberal Arts and Sciences,
 Coll Human Sci,College of Human Sciences,
Iowa State University Library,N.A.,
Midwest Grape and Wine Industry Institute,N.A.,
Swine Medicine Education Center,College of Veterinary Medicine,
Liberal Arts and Sciences Specials (Non-Degree),College of Liberal Arts and Sciences,
Ctr for Survey Stat/Methodology,College of Liberal Arts and Sciences,
 Interdept Neurosci Program,N.A.,
Ctr Stat & Applctn in Forensic Evidence,N.A.,
Art and Visual Culture,College of Design,
Center for Agricultural and Rural Development,College of Agriculture and Life Sciences,
 Agronomy,College of Agriculture and Life Sciences,
Food Science and Human Nutrition (AGLS),College of Agriculture and Life Sciences,
Industrial & Manufacturing Systems Engr,College of Engineering,
Landscape Architecture,College of Design,
Genetics/Development & Cell Biology-AGLS,College of Agriculture and Life Sciences,
Agricultural & Biosystems Engineering,College of Engineering,
Veterinary Diagnostic Laboratory,College of Veterinary Medicine,
Economics-AGLS,College of Agriculture and Life Sciences,
"Genetics, Development & Cell Biology-LAS",College of Liberal Arts and Sciences,
Genetics/Development & Cell Biology-AGLS,College of Agriculture and Life Sciences,
Agricultural & Biosystems Engineering,College of Engineering,
Marketing,Ivy College of Business,
Institutional Research,N.A.,
Information Systems & Business Analytics,Ivy College of Business,
Veterinary Pathology,College of Veterinary Medicine,
Industrial Design,College of Design,
Education,College of Human Sciences,
Center for Nondestructive Evaluation,N.A.,
Veterinary Diagnostic and Production Animal Medicine,College of Veterinary Medicine,
Veterinary Medicine Administration,College of Veterinary Medicine,
Center for Metabolic Biology,N.A.,
Community and Regional Planning,College of Design,
Center for Statistics and Applications in Forensic Evidence,N.A.,
Center for Food Security and Public Health,N.A.,
Veterinary Microbiology and Preventive Medicine,College of Veterinary Medicine,
Entomology,College of Agriculture and Life Sciences,
Finance,Ivy College of Business,
Ames Laboratory,N.A.,
Sociology and Criminal Justice - AGLS,College of Agriculture and Life Sciences,
Veterinary Medical Center,College of Veterinary Medicine,
"Ecology, Evolution and Organismal Biology (AGLS)",College of Agriculture and Life Sciences,
"Genetics, Development, and Cell Biology",College of Agriculture and Life Sciences/College of Liberal Arts and Sciences,
Food Science and Human Nutrition (H SCI),College of Human Sciences,
Accounting,Ivy College of Business,
Materials Science and Engineering,College of Engineering,
Interdepartmental Microbiology,College of Agriculture and Life Sciences,
Supply Chain Management,Ivy College of Business,
College of Agricultural and Life Sciences,College of Agriculture and Life Sciences,
Iowa Soybean Research Center,N.A.,
"Apparel, Events, and Hospitality Management",College of Human Sciences,
Human Sciences Extension and Outreach,College of Human Sciences,
College of Veterinary Medicine,College of Veterinary Medicine,
Information Systems,Ivy College of Business,
Communications Studies,College of Liberal Arts and Sciences,
"Biochemistry, Biophysics and Molecular Biology",College of Liberal Arts and Sciences,
Ivy College of Business,Ivy College of Business,
Chemical Engineering,College of Engineering,
Materials Science and Engineering,College of Engineering,
Agricultural and Biosystems Engineering (AGLS),College of Agriculture and Life Sciences,
Research Park,N.A.,
"Genetics, Development, and Cell Biology",College of Liberal Arts and Sciences,
Pre-Business,Ivy College of Business,
Center For Crops Utilization,N.A.,
Seed Science Center,N.A.,
Undeclared,N.A.,
Egg Industry Center,N.A.,
Chemical and Biological Engineering,College of Engineering,
Campus Dining Services,N.A.,
"Ecology, Evolution, and Organismal Biology",College of Agriculture and Life Sciences/College of Liberal Arts and Sciences,
Molecular Biology,College of Liberal Arts and Sciences,
Biotechnology,College of Liberal Arts and Sciences,
Human Sciences,College of Human Sciences,
Greenlee School of Journalism and Communication,College of Liberal Arts and Sciences,
U.S. Latino/a Studies Program,College of Liberal Arts and Sciences,
Immunobiology Program,N.A.,
Health and Human Performance,College of Human Sciences,
Interdepartmental Microbiology,College of Agriculture and Life Sciences,
Seed Science Center,N.A.,
Science Insitute,N.A.,
Management and Entrepreneurship,Ivy College of Business,
"Biochemistry, Biophysics and Molecular Biology",College of Liberal Arts and Sciences,
Higher Education and Student Affairs,N.A.,
Plant Science Insitute,N.A.,
"[Duvnjak, D.; Jackson, P.; Kong, A. X. Y.; Oliver, J. L.; Ruggeri, T. A.; Sharma, A. S.; White, M. J.] Univ Adelaide, Dept Phys, Adelaide, SA, Australia; [Jain, V; Swift, S. P.] SUNY Albany, Dept Phys, Albany, NY 12222 USA; [Biswal, J. P.; Gingrich, D. M.; Pinfold, J. L.; Wang, H.] Univ Alberta, Dept Phys, Edmonton, AB, Canada; [Cakir, O.; Yildiz, H. Duran] Ankara Univ, Dept Phys, Ankara, Turkey; [Kuday, S.; Cakir, I. Turk] Istanbul Aydin Univ, Applicat & Res Ctr Adv Studies, Istanbul, Turkey; [Sultansoy, S.] TOBB Univ Econ & Technol, Div Phys, Ankara, Turkey; [Bourdarios, C. Adam; Belfkir, M.; Berger, N.; Costanza, F.; Cueto, A.; Dartsi, O.; Delmastro, M.; Di Ciaccio, L.; Franco, L.; Goy, C.; Guillemin, T.; Hryn'ova, T.; Jezequel, S.; Koletsou, I; Lafaye, R.; Leveque, J.; Martinez, N. Lorenzo; Portales, L.; Sauvan, E.; Wingerter-Seez, I] Univ Savoie Mt Blanc, CNRS IN2P3, LAPP, Annecy, France; [Abulaiti, Y.; Benjamin, D. P.; Bhopatkar, V. S.; Chekanov, S.; Hopkins, W. H.; Kourlitis, E.; LeCompte, T.; Love, J.; Metcalfe, J.; Mete, A. S.; Paramonov, A.; Proudfoot, J.; Van Gemmeren, P.; Wang, R.; Zhang, J.] Argonne Natl Lab, High Energy Phys Div, Argonne, IL 60439 USA; [Berlendis, S.; Cheu, E.; Delitzsch, C. M.; Johns, K. A.; Lampl, W.; LeBlanc, M.; Lindley, R. E.; Loch, P.; Rutherfoord, J. P.; Varnes, E. W.; Zhou, H.; Zhou, Y.] Univ Arizona, Dept Phys, Tucson, AZ 85721 USA; [Gupta, D. Bakshi; Burghgrave, B.; De, K.; Eifert, T.; Farbin, A.; Hadavand, H. K.; Little, J. D.; Ozturk, N.; Usai, G.; White, A.] Univ Texas Arlington, Dept Phys, POB 19059, Arlington, TX 76019 USA; [Angelidakis, S.; Bellos, P.; Fassouliotis, D.; Gkialas, I; Kourkoumelis, C.; Papageorgiou, K.] Natl & Kapodistrian Univ Athens, Phys Dept, Athens, Greece; [Alexopoulos, T.; Bakalis, C.; Benekos, N.; Gazis, E. N.; Gkountoumis, P.; Kitsaki, C.; Koulouris, A.; Maltezos, S.; Paraskevopoulos, C.; Zacharis, G.] Natl Tech Univ Athens, Phys Dept, Zografos, Greece; [Andeen, T.; Burton, C. D.; Choi, K.; Nikiforou, N.; Onyisi, P. U. E.; Potti, H.; Roy, A.; Unal, M.; Webb, A. F.] Univ Texas Austin, Dept Phys, Austin, TX 78712 USA; [Beddall, A. J.] Bahcesehir Univ, Fac Engn & Nat Sci, Istanbul, Turkey; [Celebi, E.; Cetin, S. A.; Simsek, S.] Istanbul Bilgi Univ, Fac Engn & Nat Sci, Istanbul, Turkey; [Adiguzel, A.; Bayirli, A.; Gurbuz, S.; Ozcan, V. E.] Bogazici Univ, Dept Phys, Istanbul, Turkey; [Beddall, A.; Bingul, A.; Uysal, Z.] Gaziantep Univ, Dept Phys Engn, Gaziantep, Turkey; [Huseynov, N.; Javadov, N.; Khalil-Zada, F.] Azerbaijan Acad Sci, Inst Phys, Baku, Azerbaijan; [Bogavac, D.; Bosman, M.; Casado, M. P.; Castillo Garcia, L.; Forster, F. A.; Giannini, G.; Gkougkousis, E. L.; Glatzer, J.; Gonzalez Fernandez, S.; Grieco, C.; Grinstein, S.; Juste Rozas, A.; Kazakos, S.; Korolkov, I; Martinez, M.; Mir, L. M.; Moreno Martinez, C.; Munoz Martinez, J. L.; Orlando, N.; Pacheco Pages, A.; Padilla Aranda, C.; Riu, I; Rosten, R.; Salvador Salas, A.; Sonay, A.; Terzo, S.; Van Daalen, T. R.; Vazquez Furelos, D.] Barcelona Inst Sci & Technol, Inst Fis Altes Energies IFAE, Barcelona, Spain; [Ayoub, M. K.; da Costa, J. Barreiro Guimaraes; Cheng, H. J.; Chu, X.; Cui, H.; Fang, Y.; Fang, Y.; Pascual, J. A. Garcia; Hu, Y. F.; Huang, Y.; Kurth, M. G.; Li, M.; Liang, Z.; Liu, P.; Liu, Y.; Lou, X.; Lyu, F.; Ouyang, Q.; Ran, K.; Shan, L. Y.; Xu, D.; Zhang, K.; Zhang, Y.; Zhu, C.; Zhu, H.; Zhuang, X.] Chinese Acad Sci, Inst High Energy Phys, Beijing, Peoples R China; [Chen, X.; Ding, W.; Li, B.; Li, B.; Xu, Y.; Zhang, D. F.; Zhang, G.] Tsinghua Univ, Phys Dept, Beijing, Peoples R China; [Chen, H.; Chen, S. J.; De Maria, A.; D'onofrio, A.; Han, L.; Huang, X.; Jia, Z.; Jin, S.; Alves, F. L. Lucio; Wang, W.; Ye, H.; Zhang, B.; Zhang, L.] Nanjing Univ, Dept Phys, Nanjing, Peoples R China; [Chu, X.; Cui, H.; Hu, Y. F.; Kurth, M. G.; Li, M.; Liu, Y.; Ran, K.; Zhang, Y.; Zhu, C.] Univ Chinese Acad Sci UCAS, Beijing, Peoples R China; [Bakos, E.; Sijacki, Dj; Vranjes, N.; Milosavljevic, M. Vranjes; Zivkovic, L.] Univ Belgrade, Inst Phys, Belgrade, Serbia; [Buanes, T.; Djuvsland, J., I; Eigen, G.; Fomin, N.; Lee, G. R.; Lipniacka, A.; Latour, B. Martin Dit; Stugu, B.; Traeet, A.] Univ Bergen, Dept Phys & Technol, Bergen, Norway; [Ai, X.; Antrim, D. J. A.; Barnett, R. M.; Beringer, J.; Calafiura, P.; Cerutti, F.; Ciocio, A.; Dickinson, J.; Dimitrievska, A.; Duffield, E. M.; Einsweiler, K.; Garcia-Sciveres, M.; Renteria, C. Gonzalez; Gray, H. M.; Haber, C.; Han, S.; Heim, T.; Hinchliffe, I; Ju, X.; Krizka, K.; Leggett, C.; Marshall, Z.; McCormack, W. P.; Mcfayden, J. A.; Muskinja, M.; Nachman, B. P.; Ottino, G. J.; Griso, S. Pagan; Pascuzzi, V. R.; Pianori, E.; Resseguie, E. D.; Santpur, S. N.; Shapiro, M.; Tsulaia, V; Wang, H.; Yang, H. T.; Yao, W-M] Lawrence Berkeley Natl Lab, Phys Div, Berkeley, CA USA; [Ai, X.; Antrim, D. J. A.; Barnett, R. M.; Beringer, J.; Calafiura, P.; Cerutti, F.; Ciocio, A.; Dickinson, J.; Dimitrievska, A.; Duffield, E. M.; Einsweiler, K.; Garcia-Sciveres, M.; Renteria, C. Gonzalez; Gray, H. M.; Haber, C.; Han, S.; Heim, T.; Hinchliffe, I; Ju, X.; Krizka, K.; Leggett, C.; Marshall, Z.; McCormack, W. P.; Mcfayden, J. A.; Muskinja, M.; Nachman, B. P.; Ottino, G. J.; Griso, S. Pagan; Pascuzzi, V. R.; Pianori, E.; Resseguie, E. D.; Santpur, S. N.; Shapiro, M.; Tsulaia, V; Wang, H.; Yang, H. T.; Yao, W-M] Univ Calif Berkeley, Berkeley, CA 94720 USA; [Atlay, N. B.; Bandyopadhyay, A.; Berge, D.; Biedermann, D.; Dietrich, J.; Grancagnolo, S.; Issever, C.; Kreul, K.; Lacker, H.; Lohse, T.; Mergelmeyer, S.; Michetti, M.; Ng, Y. S.; Scharf, C.; Schenck, F.; Seema, P.; Theveneaux-Pelzer, T.] Humboldt Univ, Inst Phys, Berlin, Germany; [Anders, J. K.; Beck, H. P.; Chatterjee, M.; Ereditato, A.; Fehr, A.; Franconi, L.; Haug, S.; Lehmann, N.; Miucci, A.; Weber, M. S.; Weston, T. D.] Univ Bern, Albert Einstein Ctr Fundamental Phys, Bern, Switzerland; [Anders, J. K.; Beck, H. P.; Chatterjee, M.; Ereditato, A.; Fehr, A.; Franconi, L.; Haug, S.; Lehmann, N.; Miucci, A.; Weber, M. S.; Weston, T. D.] Univ Bern, Lab High Energy Phys, Bern, Switzerland; [Allport, P. P.; Bracinik, J.; Briglin, D. L.; Charlton, D. G.; Chisholm, A. S.; Fitschen, T.; Freeman, P. M.; Gonella, L.; Gonnella, F.; Gorasia, N. A.; Hawkes, C. M.; Hillier, S. J.; Kempster, J. J.; Kendrick, J.; Lewis, D. J.; Lindon, J. H.; Jacques Da Costa, A. M. Mendes; Neep, T. J.; Newman, P. R.; Nikolopoulos, K.; Reynolds, E.; Simpson-allsop, C. J.; Stampekis, A.; Thomas, J. P.; Thompson, P. D.; Turner, R. J.; Vallance, R. A.; Virdee, G. S.; Ward, R. J.; Watson, A. T.; Watson, M. F.] Univ Birmingham, Sch Phys & Astron, Birmingham, W Midlands, England; [Moreno, D.; Navarro, G.] Univ Antonio Narino, Fac Ciencias, Bogota, Colombia; [Moreno, D.; Navarro, G.] Univ Antonio Narino, Ctr Invest, Bogota, Colombia; [Sandoval, C.] Univ Nacl Colombia, Dept Fis, Bogota, Colombia; [Alberghi, G. L.; Alfonsi, F.; Biondi, S.; Cabras, G.; Carratta, G.; Cervelli, A.; Clissa, L.; De Castro, S.; Fabbri, L.; Franchini, M.; Gabrielli, A.; Manghi, F. Lasagni; Massa, L.; Romano, M.; Semprini-Cesari, N.; Sidoti, A.; Sioli, M.; Todome, K.; Valentinetti, S.; Villa, M.; Vittori, C.; Zoccoli, A.] INFN Bologna, Bologna, Italy; [Alberghi, G. L.; Alfonsi, F.; Biondi, S.; Cabras, G.; Carratta, G.; Cervelli, A.; Clissa, L.; De Castro, S.; Fabbri, L.; Franchini, M.; Gabrielli, A.; Manghi, F. Lasagni; Massa, L.; Romano, M.; Semprini-Cesari, N.; Sidoti, A.; Sioli, M.; Todome, K.; Valentinetti, S.; Villa, M.; Vittori, C.; Zoccoli, A.] Univ Bologna, Dipartimento Fis, Bogota, Colombia; [Alberghi, G. L.; Alfonsi, F.; Bellagamba, L.; Biondi, S.; Boscherini, D.; Bruni, A.; Bruni, G.; Bruschi, M.; Cabras, G.; Carratta, G.; Cervelli, A.; Clissa, L.; De Castro, S.; Fabbri, L.; Franchini, M.; Gabrielli, A.; Giacobbe, B.; Manghi, F. Lasagni; Massa, L.; Negrini, M.; Polini, A.; Rinaldi, L.; Romano, M.; Sbarra, C.; Semprini-Cesari, N.; Sidoti, A.; Sioli, M.; Todome, K.; Valentinetti, S.; Villa, M.; Vittori, C.; Zoccoli, A.] Ist Nazl Fis Nucl, Sez Bologna, Bologna, Italy; [Bauer, P.; Bechtle, P.; Beisiegel, F.; Bernlochner, F. U.; Brock, I; Cristinziani, M.; Desch, K.; Deutsch, C.; Capriles, F. G. Diaz; Dingfelder, J.; Falke, P. J.; Grefe, C.; Hamer, M.; Hansen, M. C.; Hinterkeuser, F.; Holm, T.; Huebner, M.; Huegging, F.; Kivernyk, O.; Klingl, T.; Koenig, P. T.; Krueger, H.; Lantzsch, K.; Lenz, T.; Maettig, P.; Melzer, A.; Moles-Valls, R.; OOncel, O.; Pohl, D.; Schildgen, L. K.; Vergis, C.; Von Toerne, E.; Wagner, P.; Wermes, N.] Univ Bonn, Phys Inst, Bonn, Germany; [Butler, J. M.; Finelli, K. D.; Sherman, A. D.; Yan, Z.; Yigitbasi, E.] Boston Univ, Dept Phys, 590 Commonwealth Ave, Boston, MA 02215 USA; [Bensinger, J. R.; Bergsten, L. J.; Bhattarai, P.; Blocker, C.; Chen, J.; Dodsworth, D.; Goblirsch-Kolb, M.; Herde, H.; O'Connor, K.; Schillaci, Z. M.; Sciolla, G.] Brandeis Univ, Dept Phys, Waltham, MA 02254 USA; [Popa, S.] Transilvania Univ Brasov, Brasov, Romania; [Alexa, C.; Chitan, A.; Ciubotaru, D. A.; Constantinescu, S.; Dobre, M.; Ducu, O. A.; Dumitriu, A. E.; Geanta, A. A.; Jinaru, A.; Martoiu, V. S.; Maurer, J.; Olariu, A.; Pietreanu, D.; Renda, M.; Rotaru, M.; Stoicea, G.; Tarna, G.; Tudorache, A.; Tudorache, V; Vasile, M. E.] Horia Hulubei Natl Inst Phys & Nucl Engn, Bucharest, Romania; [Agheorghiesei, C.] Alexandru Ioan Cuza Univ, Dept Phys, Iasi, Romania; [Popeneciu, G. A.] Natl Inst Res & Dev Isotop & Mol Technol, Phys Dept, Cluj Napoca, Romania; [Hobincu, R.] Univ Politehn Bucuresti, Bucharest, Romania; [Gravila, P. M.] West Univ Timisoara, Timisoara, Romania; [Astalos, R.; Babal, D.; Bartos, P.; Blazek, T.; Dubovsky, M.; Hyrych, S.; Majersky, O.; Melo, M.; Racko, M.; Sykora, I; Tokar, S.; Zenis, T.] Comenius Univ, Fac Math Phys & Informat, Bratislava, Slovakia; [Bruncko, D.; Murin, P.; Smiesko, J.; Sopkova, F.; Strizenec, P.; Urban, J.] Slovak Acad Sci, Dept Subnucl Phys, Inst Expt Phys, Kosice, Slovakia; [Assamagan, K.; Barone, G.; Begel, M.; Benoit, M.; Brost, E.; Cavaliere, V; Chen, H.; D'amen, G.; Elmsheuser, J.; Gordon, H. A.; Hill, K. K.; Iakovidis, G.; Kalderon, C. W.; Klimentov, A.; Kouskoura, V; Lancon, E.; Lanni, F.; Lee, C. A.; Lim, S.; Liu, H. B.; Lynn, D.; Ma, H.; Maeno, T.; Matakias, D.; Nagle, J. L.; Nilsson, P.; Nomura, M. A.; Damazio, D. Oliveira; Ouellette, J.; Perepelitsa, D., V; Pleier, M-A; Polychronakos, V; Protopopescu, S.; Rajagopalan, S.; Redlinger, G.; Roloff, J.; Seidlitz, B. D.; Serfon, C.; Snyder, S.; Steinberg, P.; Stucci, S. A.; Tricoli, A.; Undrus, A.; Weber, C.; Wenaus, T.; Xu, L.; Ye, S.] Brookhaven Natl Lab, Dept Phys, Upton, NY 11973 USA; [Daneri, M. F.; Devesa, M. R.; Marceca, G.; Otero Y Garzon, G.; Piegaia, R.; Toscani, M.] Univ Buenos Aires, Dept Fis, Buenos Aires, DF, Argentina; [Bawa, H. S.; Gao, Y. S.; Grimm, K.; Moss, J.; Parker, A. J.] Calif State Univ Fresno, Fresno, CA 93740 USA; [Batley, J. R.; Brandt, O.; Chapman, J. D.; Cowley, J. W.; Fawcett, W. J.; Henkelmann, L.; Hill, J. C.; Hommels, L. B. A. H.; Lester, C. G.; Lin, C. Y.; Malone, C.; Noel, D. L.; Pacey, H. A.; Parker, M. A.; Potter, C. J.; Robinson, D.; Tombs, R.; Ward, C. P.; Williams, S.] Univ Cambridge, Cavendish Lab, Cambridge, England; [Atkin, R. J.; Keaveney, J. M.; Mwewa, C.; Yacoob, S.] Univ Cape Town, Dept Phys, Cape Town, South Africa; iThemba Labs, Western Cape, South Africa; [Boye, D.; Connell, S. H.; Govender, N.; Truong, L.] Univ Johannesburg, Dept Mech Engn Sci, Johannesburg, South Africa; Univ Philippines Diliman, Natl Inst Phys, Quezon City, Philippines; Univ South Africa, Dept Phys, Pretoria, South Africa; [Christopher, L. D.; Dahbi, S.; Jimenez, Y. Hernandez; Jivan, H.; Kar, D.; Mdhluli, J. E.; Garcia, B. R. Mellado; Roy, D.; Ruan, X.; Shrif, E. M.; Haddad, E. Sideras; Sinha, S.; Tomiwa, K. G.; von Buddenbrock, S. E.] Univ Witwatersrand, Sch Phys, Johannesburg, South Africa; [Bellerive, A.; Chau, C. C.; Gillberg, D.; Heilman, J.; Hunter, R. F. H.; Keller, J. S.; Klein, C.; Koffas, T.; Laurier, A.; Miller, L. S.; Naseri, M.; Oakham, F. G.; Vincter, M. G.; Weber, S. A.; Zakharchuk, N.] Carleton Univ, Dept Phys, Ottawa, ON, Canada; [Benchekroun, D.; Bouaouda, K.; Chadi, Z.; Hoummada, A.; Imam, H.] Univ Hassan 2, Fac Sci Ain Chock, Reseau Univ Phys Hautes Energies, Casablanca, Morocco; [Gouighri, M.] Univ Ibn Tofail, Fac Sci, Kenitra, Morocco; Univ Cadi Ayyad, Fac Sci Semlalia, LPHEA, Marrakech, Morocco; Moroccan Fdn Adv Sci Innovat & Res MAScIR, Rabat, Morocco; [Assahsah, J.; Derkaoui, J. E.; Ouchrif, M.] Univ Mohamed Premier, Fac Sci, LPMR, Oujda, Morocco; [Batlamous, S.; El Moursli, R. Cherkaoui; El Jarrari, H.; Fassi, F.; Hamdaoui, H.; Ngair, B.; Tayalati, Y.; Zaazoua, M.] Univ Mohammed 5, Fac Sci, Rabat, Morocco; [Abud, A. Abed; Ahmad, A.; Alderweireldt, S.; Aleksa, M.; Allaire, C.; Amelung, C.; Aranzabal, N.; Armbruster, A. J.; Avolio, G.; Barisits, M-S; Bielski, R.; Bisanz, T.; Boyd, J.; Brenner, L.; Butti, P.; Calace, N.; Camarda, S.; Camincher, C.; Campana, S.; Carli, T.; Catinaccio, A.; Cattai, A.; Coimbra, A. E. C.; Czodrowski, P.; Dachs, F.; Dao, V; Dell'Acqua, A.; Deviveiros, P. O.; Di Girolamo, A.; Dittus, F.; Ducu, O. A.; Dudarev, A.; Duhrssen, M.; Dyndal, M.; Ellis, N.; Elsing, M.; Falke, S.; Farthouat, P.; Fassnacht, P.; Francis, D.; Froidevaux, D.; Gabrielli, A.; Goossens, L.; Gorini, B.; Guindon, S.; Hawkings, R. J.; Heinrich, L.; Helsens, C.; Correia, A. M. Henriques; Hervas, L.; Hoecker, A.; Huhtinen, M.; Iengo, P.; Jenni, P.; Jovicevic, J.; Kiehn, M.; Klimek, P.; Klimpel, F.; Klioutchnikova, T.; Kohler, N. M.; Krasznahorkay, A.; Kuehn, S.; Kuwertz, E. S.; Lassnig, M.; Miotto, G. Lehmann; Longo, L.; Marzin, A.; Meehan, S.; Meng, L.; Berlingen, J. Montejo; Morley, A. K.; Mornacchi, G.; Morvaj, L.; Moschovakos, P.; Nairz, A. M.; Nessi, M.; Nordberg, M.; Palestini, S.; Pauly, T.; Pernegger, H.; Perrella, S.; Petersen, B. A.; Pontecorvo, L.; Astigarraga, M. E. Pozo; Queitsch-Maitland, M.; Raymond, M.; Rembser, C.; Rizzi, C.; Roe, S.; Rummler, A.; Saimpert, M.; Salzburger, A.; Samarati, J.; Pineda, A. Sanchez; Schlenker, S.; Schovancova, J.; Sharma, A.; Sidiropoulou, O.; Oliveira, M. V. Silva; Sanchez, C. A. Solans; Spigo, G.; Stewart, G. A.; Stockton, M. C.; Ten Kate, H.; Tuna, A. N.; Unal, G.; Vafeiadis, T.; Vallier, A.; Vandelli, W.; Schroeder, T. Vazquez; Vuillermet, R.; Wells, P. S.; Wengler, T.; Wenig, S.; Wilkens, H. G.; Young, C. J. S.; Zambito, S.; Zanzi, D.; Zwalinski, L.] CERN, Geneva, Switzerland; [Gardner, R. W.; Hank, M. D.; Hildebrand, K.; Holmes, T. R.; Horyn, L. A.; Kim, Y. K.; Liu, J. K. K.; Miller, D. W.; Oreglia, M. J.; Pilcher, J. E.; Schaefer, D.; Seiss, T.; Shochet, M. J.; Smith, E. A.; Vukotic, I; Zou, R.] Univ Chicago, Enrico Fermi Inst, 5640 S Ellis Ave, Chicago, IL 60637 USA; [Agaras, M. N.; Barbe, W. M.; Boumediene, D.; Calvet, D.; Calvet, S.; Donini, J.; Morales, F. A. Jimenez; Madar, R.; Megy, T.; Nibigira, E.; Rustige, L.; Santoni, C.; Vazeille, F.] Univ Clermont Auvergne, IN2P3, CNRS, LPC, Clermont Ferrand, France; [Angerami, A.; Brooijmans, G.; Chen, J.; Cole, B.; Emerman, A.; Gilbert, B. J.; Gonski, J. L.; Hu, Q.; Kahn, A.; Kennedy, K. E.; Mahon, D. J.; Mohapatra, S.; Parsons, J. A.; Tuts, P. M.; Williams, D. M.; Yin, P.] Columbia Univ, Nevis Lab, Irvington, NY USA; [AbouZeid, O. S.; Camplani, A.; Dam, M.; Hansen, J. B.; Hansen, J. D.; Hansen, P. H.; Ignazzi, R.; Nielsen, D. S.; Petersen, T. C.; Wiglesworth, C.; Xella, S.] Univ Copenhagen, Niels Bohr Inst, Copenhagen, Denmark; [Capua, M.; Carducci, G.; Crosetti, G.; Malito, D.; Mastroberardino, A.; Meoni, E.; Salvatore, D.; Schioppa, M.; Tassi, E.] Univ Calabria, Dipartimento Fis, Arcavacata Di Rende, Italy; [Capua, M.; Carducci, G.; Crosetti, G.; Gnesi, I; Malito, D.; Mastroberardino, A.; Meoni, E.; Salvatore, D.; Schioppa, M.; Tassi, E.] Ist Nazl Fis Nucl, Lab Nazl Frascati, Grp Collegato Cosenza, Frascati, Italy; [Betti, A.; Deiana, A. M.; Leney, K. J. C.; McKay, M. A.; Milke, C. D.; Narayan, R.; Parajuli, S.; Sekula, S. J.; Stroynowski, R.; Wang, P.; Ye, J.] Southern Methodist Univ, Phys Dept, Dallas, TX USA; [Ferguson, S. W.; Izen, J. M.; Meirose, B.; Reeves, K.] Univ Texas Dallas, Phys Dept, Richardson, TX 75083 USA; [Fanourakis, G.; Geralis, T.; Prapa, M. M.; Stavropoulos, G.] Natl Ctr Sci Res Demokritos, Aghia Paraskevi, Greece; [Andrean, S. Y.; Backman, F.; Navarro, L. Barranco; Bohm, C.; Clement, C.; Hellman, S.; Kastanas, A.; Lou, X.; Milstead, D. A.; Moa, T.; Nelson, M. E.; Pasuwan, P.; Sanchez, L. Pereira; Shaikh, N. W.; Silverstein, S. B.; Sjolin, J.; Strandberg, S.; Strubig, A.; Santurio, E. Valdes; Wallangen, V] Stockholm Univ, Dept Phys, Stockholm, Sweden; [Andrean, S. Y.; Backman, F.; Navarro, L. Barranco; Clement, C.; Hellman, S.; Kastanas, A.; Lou, X.; Milstead, D. A.; Moa, T.; Nelson, M. E.; Pasuwan, P.; Sanchez, L. Pereira; Shaikh, N. W.; Sjolin, J.; Strandberg, S.; Strubig, A.; Santurio, E. Valdes; Wallangen, V] Oskar Klein Ctr, Stockholm, Sweden; [Amoroso, S.; Bella, L. Aperio; Arling, J-H; Basalaev, A.; Becot, C.; Behr, J. K.; Bloch, I; Braren, F.; Brendlinger, K.; Brueers, B.; Burr, J. T. P.; Carra, S.; Chen, Y-H; Daubney, T.; Diaz, Y. Delabat; Cornell, S. Diez; Dutta, B.; Ferrando, J.; Gaycken, G.; Gillwald, N. E. K.; Glaysher, P. C. F.; Glazov, A.; Gregor, I. M.; Grevtsov, K.; Guida, A.; Gupta, R.; Heim, S.; Heinemann, B.; Helary, L.; Hiller, K. H.; Issever, C.; Jacobs, R. M.; Jeong, N.; Katzy, J.; Kitali, V; Kuechler, D.; Kuechler, J. T.; Kuhl, T.; Leight, W. A.; Li, X.; Li, Y.; Liberatore, M.; Linss, A.; Liu, Y.; Lobodzinska, E. M.; Meloni, F.; Moder, P.; Monig, K.; Naranjo Garcia, R. F.; Naumann, T.; Nechansky, F.; Pani, P.; Peters, K.; Pollard, C. S.; Potamianos, K.; Pownall, G.; Rauch, D. M.; Renardi, A.; Richter, S.; Rifki, O.; Rimoldi, M.; Rivadeneira, P.; Robin, M.; Rossi, E.; Rossini, L.; Iglesias, J. A. Sabater; Sander, C. O.; Schmitt, S.; Seitz, C.; South, D.; Stanitzki, M. M.; Stegler, M.; Styles, N. A.; Tackmann, K.; Thompson, E. A.; Tsai, F.; Valery, L.; Von Ahnen, J.; Wanotayaroj, C.; Wongel, A. F.; Worm, S. D.; Yap, Y. C.] Deutsch Elektronen Synchrotron DESY, Hamburg, Germany; [Amoroso, S.; Bella, L. Aperio; Arling, J-H; Basalaev, A.; Becot, C.; Behr, J. K.; Bloch, I; Braren, F.; Brendlinger, K.; Brueers, B.; Burr, J. T. P.; Carra, S.; Chen, Y-H; Daubney, T.; Diaz, Y. Delabat; Cornell, S. Diez; Dutta, B.; Ferrando, J.; Gaycken, G.; Gillwald, N. E. K.; Glaysher, P. C. F.; Glazov, A.; Gregor, I. M.; Grevtsov, K.; Guida, A.; Gupta, R.; Heim, S.; Heinemann, B.; Helary, L.; Hiller, K. H.; Issever, C.; Jacobs, R. M.; Jeong, N.; Katzy, J.; Kitali, V; Kuechler, D.; Kuechler, J. T.; Kuhl, T.; Leight, W. A.; Li, X.; Li, Y.; Liberatore, M.; Linss, A.; Liu, Y.; Lobodzinska, E. M.; Meloni, F.; Moder, P.; Monig, K.; Naranjo Garcia, R. F.; Naumann, T.; Nechansky, F.; Pani, P.; Peters, K.; Pollard, C. S.; Potamianos, K.; Pownall, G.; Rauch, D. M.; Renardi, A.; Richter, S.; Rifki, O.; Rimoldi, M.; Rivadeneira, P.; Robin, M.; Rossi, E.; Rossini, L.; Iglesias, J. A. Sabater; Sander, C. O.; Schmitt, S.; Seitz, C.; South, D.; Stanitzki, M. M.; Stegler, M.; Styles, N. A.; Tackmann, K.; Thompson, E. A.; Tsai, F.; Valery, L.; Von Ahnen, J.; Wanotayaroj, C.; Wongel, A. F.; Worm, S. D.; Yap, Y. C.] Deutsch Elektronen Synchrotron DESY, Zeuthen, Germany; [Dado, T.; Dungs, S.; Erdmann, J.; Freundlich, E. M.; Gessner, G.; Kroeninger, K.; Kupfer, T.; Nackenhorst, O.; Nitsche, I; Rustige, L.; Sedlaczek, K.; Weingarten, J.; Wendland, B.; Zeissner, S., V] Tech Univ Dortmund, Lehrstuhl Expt Phys 4, Dortmund, Germany; [Berthold, A.; Bittrich, C.; Duschinger, D.; Herrmann, T.; Hils, M.; Horn, P.; Iltzsche, F.; Kirchmeier, D.; Kobel, M.; Mader, W. F.; Madysa, N.; Maerker, M.; Ramos, J. Manjarres; Morgenstern, S.; Nag, A. Nag; Novgorodova, O.; Siegert, F.; Straessner, A.; Todt, S.; Torres, H.; Wiel, C.] Tech Univ Dresden, Inst Kern & Teilchenphys, Dresden, Germany; [Arce, A. T. H.; Beacham, J. B.; Davis, D. R.; Eggleston, M. G.; Epland, M. B.; Feng, M.; Goshaw, A. T.; Kotwal, A.; Kruse, M. C.; Pachal, K.; Sen, S.; Zhao, P.] Duke Univ, Dept Phys, Durham, NC 27706 USA; [Carter, T. M.; Clark, P. J.; Farrington, S. M.; Giannelli, M. Faucci; Gao, Y.; Hamity, G. N.; Hasib, A.; Heath, M. P.; Leonidopoulos, C.; Martin, V. J.; Palazzo, S.; Sogaard, A.; Takeva, E. P.; Taylor, A. J.; Themistokleous, N.; Villhauer, E. M.; Vishwakarma, A.; Wynne, B. M.] Univ Edinburgh, SUPA Sch Phys & Astron, Edinburgh, Midlothian, Scotland; [Antonelli, M.; Arcangeletti, C.; Beretta, M.; Chiarella, V; Maccarrone, G.; Mancini, G.; Sansoni, A.; Testa, M.; Vilucchi, E.] Ist Nazl Fis Nucl, Frascati, Italy; [Antonelli, M.; Arcangeletti, C.; Beretta, M.; Chiarella, V; Maccarrone, G.; Mancini, G.; Sansoni, A.; Testa, M.; Vilucchi, E.] Lab Nazl Frascati, Frascati, Italy; [Argyropoulos, S.; Becherer, F.; Garcia-Argos, C.; Gargiulo, S.; Guth, M.; Heidegger, C.; Heidegger, K. K.; Heinemann, B.; Herten, G.; Hohn, D.; Honig, J. C.; Jakobs, K.; Jenni, P.; Jiggins, S.; Klapdor-Kleingrothaus, T.; Knue, A.; Koneke, K.; Kuprash, O.; Landgraf, U.; Lang, V. S.; Losle, A.; Magerl, V; Parzefall, U.; Plesanovs, V; Rodriguez, A. Rodriguez; Roland, B.; Rottler, B.; Ruehr, F.; Rurikova, Z.; Sammel, D.; Sauerburger, F.; Schleicher, K. E.; Scholer, P. G.; Schumacher, M.; Sperlich, D.; Weiser, C.; Wiik-Fuchs, L. A. M.; Winter, B. T.; Wollrath, J.; Zimmermann, S.] Albert Ludwigs Univ Freiburg, Phys Inst, Freiburg, Germany; [Abeling, K.; Achkar, B.; Beck, H. C.; Bindi, M.; Bokan, P.; Buschmann, E.; Dreyer, T.; Gerlach, L. O.; Gama, R. Goncalves; Grosse-Knetter, J.; Janus, M.; Kawamura, G.; Kirchhoff, A.; Lai, S.; Lange, J. C.; Mellenthin, J. D.; Mobius, S.; Niemeyer, M.; Oerdek, S.; Peiffer, T.; Pokharel, I; Quadt, A.; Shabalina, E.; Skaf, A.; Sohns, F.; Veatch, J.; Zoch, K.] Georg August Univ Gottingen, Phys Inst 2, Gottingen, Germany; [Adorni, S.; Akilli, E.; Amrouche, C. S.; Antel, C.; Clark, A.; Della Volpe, D.; Dubreuil, A.; Ferrere, D.; Gadatsch, S.; Golling, T.; Gonzalez-Sevilla, S.; Iacobucci, G.; Iizawa, T.; Jansky, R.; Lionti, A. L.; Mermod, P.; Nessi, M.; Nindhito, H. R.; Pandini, C. E.; Paolozzi, L.; Poggi, R.; Raine, J. A.; Salamani, D.; Schramm, S.; Sfyrla, A.; Sultan, D. M. S.; Wu, X.; Zaffaroni, E.] Univ Geneva, Dept Phys Nucl & Corpusculaire, Geneva, Switzerland; [Barberis, D.; Gagliardi, G.; Gaudiello, A.; Lapertosa, A.; Parodi, F.; Sannino, M.; Schiavi, C.; Sforza, F.; Varni, C.] Univ Genoa, Dipartimento Fis, Genoa, Italy; [Barberis, D.; Coccaro, A.; Darbo, G.; Gagliardi, G.; Gaudiello, A.; Gemme, C.; Lapertosa, A.; Morettini, P.; Parodi, F.; Passaggio, S.; Rossi, L. P.; Sannino, M.; Schiavi, C.; Sforza, F.; Varni, C.] Ist Nazl Fis Nucl, Sez Genova, Genoa, Italy; [Caforio, D.; Duren, M.; Stenzel, H.] Justus Liebig Univ Giessen, Phys Inst 2, Giessen, Germany; [Bates, R. L.; Blue, A.; Borbely, A. G.; Madden, W. D. Breaden; Britton, D.; Buckley, A. G.; Bussey, P. J.; Buttar, C. M.; Callea, G.; Connelly, I. A.; Cunningham, W. R.; Doyle, A. T.; Fabbri, F.; Gray, C.; Howarth, J.; Jamieson, J.; Mince, L.; O'Shea, V; Owen, M.; Ravina, B.; Rennie, A. G.; Robson, A.; Spiteri, D. P.; Warrack, N.; Wraight, K.] Univ Glasgow, SUPA Sch Phys & Astron, Glasgow, Lanark, Scotland; [Collot, J.; Crepe-Renaudin, S.; Delsart, P. A.; Genest, M. H.; Hulsken, R.; Kuna, M.; Ledroit-Guillon, F.; Lleres, A.; Lucotte, A.; Malek, F.; Quintero, D. M. Portillo; Stark, J.; Trocme, B.; Yang, X.] Univ Grenoble Alpes, Grenoble INP, IN2P3, CNRS,LPSC, Grenoble, France; [Asbah, N.; Bullard, B. A.; Di Petrillo, K. F.; Franklin, M.; Huth, J.; Lee, L.; Morii, M.; Bolanos, G. Rabanal; Wang, A. M.] Harvard Univ, Lab Particle Phys & Cosmol, Cambridge, MA 02138 USA; [Barnovska-Blenessy, Z.; Baroncelli, A.; Chen, C.; Chen, J.; Chen, Y.; Gao, J.; Guo, Y.; Han, K.; Han, L.; He, F.; Huang, Y.; Jiang, Y.; Krasnopevtsev, D.; Li, H.; Li, Q. Y.; Liu, J. B.; Liu, M.; Liu, M. Y.; Liu, X.; Liu, Y. W.; Lu, M.; Ospanov, R.; Peng, H.; Sessa, M.; Su, X.; Wang, C.; Wang, R.; Wang, W. T.; Wang, W. X.; Wang, Y.; Wu, Y.; Xie, X.; Xu, H.; Xu, H.; Yang, S.; Yang, X.; Yang, Z.; Zhang, L.; Zhao, Z.; Zhu, H. L.; Zhu, Y.] Univ Sci & Technol China, Dept Modern Phys, Hefei, Peoples R China; [Barnovska-Blenessy, Z.; Baroncelli, A.; Chen, C.; Chen, J.; Chen, Y.; Gao, J.; Guo, Y.; Han, K.; Han, L.; He, F.; Huang, Y.; Jiang, Y.; Krasnopevtsev, D.; Li, H.; Li, Q. Y.; Liu, J. B.; Liu, M.; Liu, M. Y.; Liu, X.; Liu, Y. W.; Lu, M.; Ospanov, R.; Peng, H.; Sessa, M.; Su, X.; Wang, C.; Wang, R.; Wang, W. T.; Wang, W. X.; Wang, Y.; Wu, Y.; Xie, X.; Xu, H.; Xu, H.; Yang, S.; Yang, X.; Yang, Z.; Zhang, L.; Zhao, Z.; Zhu, H. L.; Zhu, Y.] Univ Sci & Technol China, State Key Lab Particle Detect & Elect, Hefei, Peoples R China; [De Sousa, M. J. Da Cunha Sargedas; Du, D.; Feng, C.; Li, H.; Li, Z.; Ma, L. L.; Tariq, K.; Xu, Z.; Yang, X.; Yuan, R.; Zhang, X.; Zhu, C. G.] Shandong Univ, Inst Frontier & Interdisciplinary Sci, Qingdao, Peoples R China; [De Sousa, M. J. Da Cunha Sargedas; Du, D.; Feng, C.; Li, H.; Li, Z.; Ma, L. L.; Tariq, K.; Xu, Z.; Yang, X.; Yuan, R.; Zhang, X.; Zhu, C. G.] Shandong Univ, Key Lab Particle Phys & Particle Irradiat MOE, Qingdao, Peoples R China; [Brahimi, N.; Dong, B.; Guo, J.; Hu, S.; Li, C-Q; Li, F.; Li, J.; Li, L.; Li, S.; Liu, K.; Mittal, M.; Nishu, N.; Sampsonidou, D.; Su, W.; Wang, C.; Yan, J.; Yang, H. J.; Zhang, X.; Zhou, N.] Shanghai Jiao Tong Univ, Sch Phys & Astron, SKLPPC, Key Lab Particle Astrophys & Cosmol MOE, Shanghai, Peoples R China; [Brahimi, N.; Duan, Y.; Kato, C.; Li, C-Q; Li, S.; Liu, K.; Sampsonidou, D.; Su, W.; Yang, H. J.] Tsung Dao Lee Inst, Shanghai, Peoples R China; [Andrei, V; Bartels, F.; Dunford, M.; Franchino, S.; Klassen, M.; Mkrtchyan, T.; Napolitano, F.; Ott, P. S.; Rassloff, D. F.; Schultz-Coulon, H-C; Spieker, T. M.; Stamen, R.; Starovoitov, P.; Weber, S. M.; Wessels, M.; Yue, X.] Heidelberg Univ, Kirchhoff Inst Phys, Heidelberg, Germany; [Bolz, A. E.; Czurylo, M. M.; Dittmeier, S. J.; de Lima, D. E. Ferreira; Krishnan, A.; Schoening, A.; Vigani, L.] Heidelberg Univ, Phys Inst, Heidelberg, Germany; [Nagasaka, Y.] Hiroshima Inst Technol, Fac Appl Informat Sci, Hiroshima, Japan; [Cheng, H. C.; Chu, M. C.; Castillo, L. R. Flores; Ponce, J. M. Iturbe; Lau, T. S.; Salvucci, A.; Wang, J.; Zhang, Z.] Univ Hong Kong, Dept Phys, Shatin, Hong Kong, Peoples R China; [Lo, C. Y.; Hernandez, D. Paredes; Peng, C.; Tam, K. C.; Tu, Y.] Univ Hong Kong, Dept Phys, Hong Kong, Peoples R China; [Lie, K.; Prokofiev, K.; Xiang, J.; Yang, T.] Hong Kong Univ Sci & Technol, Dept Phys, Kowloon, Clear Water Bay, Hong Kong, Peoples R China; [Lie, K.; Prokofiev, K.; Xiang, J.; Yang, T.] Hong Kong Univ Sci & Technol, Inst Adv Study, Kowloon, Clear Water Bay, Hong Kong, Peoples R China; [Cheung, K.; Hsu, P. J.; Lu, Y. J.] Natl Tsing Hua Univ, Dept Phys, Hsinchu, Taiwan; [Agapopoulou, C.; Al Khoury, K.; Atmani, H.; Bassalat, A.; De Regie, J. B. De Vivie; Delgove, D.; Delporte, C.; Duflot, L.; Escalier, M.; Fayard, L.; Fournier, D.; Ghosh, A.; Grivaz, J-F; Guerguichon, A.; Hohov, D.; Hrivnac, J.; Iconomidou-Fayard, L.; Kotsokechagia, A.; Lounis, A.; Makovec, N.; Morange, N.; Perego, M. M.; Puzo, P.; Rousseau, D.; Rybkin, G.; Sacerdoti, S.; Schaffer, A. C.; Serin, L.; Simion, S.; Tanaka, R.; Trofymov, A.; Varouchas, D.; Zerwas, D.; Zhang, Z.] Univ Paris Saclay, IJCLab, IN2P3, CNRS, F-91405 Orsay, France; [Agapopoulou, C.; Al Khoury, K.; Atmani, H.; Bassalat, A.; De Regie, J. B. De Vivie; Delgove, D.; Delporte, C.; Duflot, L.; Escalier, M.; Fayard, L.; Fournier, D.; Ghosh, A.; Grivaz, J-F; Guerguichon, A.; Hohov, D.; Hrivnac, J.; Iconomidou-Fayard, L.; Kotsokechagia, A.; Lounis, A.; Makovec, N.; Morange, N.; Perego, M. M.; Puzo, P.; Rousseau, D.; Rybkin, G.; Sacerdoti, S.; Schaffer, A. C.; Serin, L.; Simion, S.; Tanaka, R.; Trofymov, A.; Varouchas, D.; Zerwas, D.; Zhang, Z.] Indiana Univ, Dept Phys, Bloomington, IN 47405 USA; [Acharya, B. S.; Cobal, M.; Faraj, M.; Giordani, M. P.; Giugliarelli, G.; Magro, J.; Panizzo, G.; Pinamonti, M.; Pineda, A. Sanchez; Sbrizzi, A.; Serkin, L.; Soualah, R.] Ist Nazl Fis Nucl, Sez Trieste, Grp Collegato Udine, Udine, Italy; [Acharya, B. S.; Serkin, L.] Abdus Salaam Int Ctr Theoret Phys, Trieste, Italy; [Cobal, M.; Faraj, M.; Giordani, M. P.; Giugliarelli, G.; Magro, J.; Panizzo, G.; Pinamonti, M.; Pineda, A. Sanchez; Sbrizzi, A.; Soualah, R.] Univ Udine, Dipartimento Politecn Ingn & Architettura, Udine, Italy; [Chiodini, G.; Gorini, E.; Gravili, F. G.; Primavera, M.; Reale, M.; Schioppa, E. J.; Spagnolo, S.; Ventura, A.] Ist Nazl Fis Nucl, Sez Lecce, Lecce, Italy; [Gorini, E.; Gravili, F. G.; Reale, M.; Schioppa, E. J.; Spagnolo, S.; Ventura, A.] Univ Salento, Dipartimento Matemat & Fis, Lecce, Italy; [Alimonti, G.; Andreazza, A.; Carminati, L.; Citterio, M.; D'Auria, S.; Fanti, M.; Giugni, D.; Lari, T.; Lazzaroni, M.; Meroni, C.; Monzani, S.; Mungo, D. P.; Murrone, A.; Perini, L.; Ragusa, F.; Resconi, S.; Stabile, A.; Tartarelli, G. F.; Troncon, C.; Turra, R.] Ist Nazl Fis Nucl, Sez Milano, Milan, Italy; [Andreazza, A.; Carminati, L.; D'Auria, S.; Fanti, M.; Lazzaroni, M.; Mungo, D. P.; Murrone, A.; Perini, L.; Ragusa, F.; Stabile, A.] Univ Milan, Dipartimento Fis, Milan, Italy; [Aloisio, A.; Alviggi, M. G.; Canale, V; Carlino, G.; Cirotto, F.; Conventi, F.; De Asmundis, R.; Della Pietra, M.; Di Donato, C.; Doria, A.; Giannini, A.; Izzo, V; Lavorgna, M.; Massarotti, P.; Merola, L.; Rossi, E.; Sekhniaidze, G.] Ist Nazl Fis Nucl, Sez Napoli, Naples, Italy; [Aloisio, A.; Alviggi, M. G.; Canale, V; Cirotto, F.; Della Pietra, M.; Di Donato, C.; Giannini, A.; Lavorgna, M.; Massarotti, P.; Merola, L.; Rossi, E.] Univ Napoli, Dipartimento Fis, Naples, Italy; [Farina, E. M.; Ferrari, R.; Gaudio, G.; Introzzi, G.; Kourkoumeli-Charalampidi, A.; Lanza, A.; Livan, M.; Negri, A.; Pezzotti, L.; Polesello, G.; Rebuzzi, D. M.; Rimoldi, A.; Rovelli, G.; Sottocornola, S.; Vercesi, V.] Ist Nazl Fis Nucl, Sez Pavia, Pavia, Italy; [Farina, E. M.; Introzzi, G.; Kourkoumeli-Charalampidi, A.; Livan, M.; Negri, A.; Pezzotti, L.; Rebuzzi, D. M.; Rimoldi, A.; Rovelli, G.; Sottocornola, S.] Univ Pavia, Dipartimento Fis, Pavia, Italy; [Annovi, A.; Biesuz, N., V; Calvetti, M.; Cavasinni, V; Chiarelli, G.; Di Gregorio, G.; Francavilla, P.; Giannetti, P.; Leone, S.; Mastrandrea, P.; Roda, C.; Scuri, F.; Verducci, M.] Ist Nazl Fis Nucl, Sez Pisa, Pisa, Italy; [Biesuz, N., V; Calvetti, M.; Cavasinni, V; Di Gregorio, G.; Francavilla, P.; Mastrandrea, P.; Roda, C.; Verducci, M.] Univ Pisa, Dipartimento Fis E Fermi, Pisa, Italy; [Anulli, F.; Bagnaia, P.; Bauce, M.; Bini, C.; Bruscino, N.; Chomont, A. R.; Corradi, M.; De Pedis, D.; De Salvo, A.; Di Bello, F. A.; Falciano, S.; Francescato, S.; Frattari, G.; Gauzzi, P.; Gentile, S.; Giagu, S.; Ippolito, V; Kado, M.; Lacava, F.; Longarini, I; Luci, C.; Luminari, L.; Nisati, A.; Pasqualucci, E.; Policicchio, A.; Rosati, S.; Sabetta, L.; Tehrani, F. Safai; Vannicola, D.; Vari, R.; Veneziano, S.] Ist Nazl Fis Nucl, Sez Roma, Rome, Italy; [Bagnaia, P.; Bauce, M.; Bini, C.; Bruscino, N.; Chomont, A. R.; Corradi, M.; Di Bello, F. A.; Francescato, S.; Frattari, G.; Gauzzi, P.; Gentile, S.; Giagu, S.; Ippolito, V; Kado, M.; Lacava, F.; Longarini, I; Luci, C.; Policicchio, A.; Sabetta, L.; Vannicola, D.] Sapienza Univ Roma, Dipartimento Fis, Rome, Italy; [Aielli, G.; Camelia, E. Alunno; Caltabiano, A.; Camarri, P.; Cardarelli, R.; Cerrito, L.; De Sanctis, U.; De Santis, M.; Dell'Asta, L.; Di Ciaccio, A.; Giuli, F.; Liberti, B.; Loffredo, S.; Marcoccia, L.; Pizzimento, L.; Rocchi, A.; Vanadia, M.] Ist Nazl Fis Nucl, Sez Roma Tor Vergata, Rome, Italy; [Aielli, G.; Camelia, E. Alunno; Caltabiano, A.; Camarri, P.; Cerrito, L.; De Sanctis, U.; De Santis, M.; Dell'Asta, L.; Di Ciaccio, A.; Giuli, F.; Loffredo, S.; Marcoccia, L.; Pizzimento, L.; Rocchi, A.; Vanadia, M.] Univ Roma Tor Vergata, Dipartimento Fis, Rome, Italy; [Biglietti, M.; Camerlingo, M. T.; D'Amico, V; Di Micco, B.; Di Nardo, R.; Farilla, A.; Iodice, M.; Martinelli, L.; Orestano, D.; Petrucci, F.; Rossi, E.; Salamanna, G.] Ist Nazl Fis Nucl, Sez Roma Tre, Rome, Italy; [Camerlingo, M. T.; D'Amico, V; Di Micco, B.; Di Nardo, R.; Martinelli, L.; Orestano, D.; Petrucci, F.; Rossi, E.; Salamanna, G.] Univ Roma Tre, Dipartimento Matemat & Fis, Rome, Italy; [Di Luca, A.; Follega, F. M.; Forcolin, G. T.; Iuppa, R.; Ricci, E.] INFN TIFPA, Trento, Italy; [Di Luca, A.; Follega, F. M.; Forcolin, G. T.; Iuppa, R.; Ricci, E.] Univ Trento, Trento, Italy; [Guenther, J.; Guest, D.; Khoo, T. J.; Kneringer, E.; Manousos, A.] Leopold Franzens Univ, Inst Astro & Teilchenphys, Innsbruck, Austria; [Bret, M. Cano; Ghosh, A.; Mallik, U.] Univ Iowa, Iowa City, IA USA; ; ",No Data,
Physics & Astronomy,College of Liberal Arts and Sciences,
University Museums,N.A.,
Human Sciences Extension and Outreach,College of Human Sciences,
Agricultural Business,College of Agriculture and Life Sciences,
Ames Laboratory ,N.A.,
Ames Laboratory,N.A.,
College of Liberal Arts and Sciences,College of Liberal Arts and Sciences,
Bioinformatics & Computational Biology,College of Liberal Arts and Sciences,
Environmental Science (LAS),College of Liberal Arts and Sciences,
Software Engineering,College of Engineering,
Nursing,College of Human Sciences,College of Human Sciences
Center for Technology in Learning and Teaching,N.A.,
Animal Ecology,College of Agriculture and Life Sciences,
Criminal Justice,College of Liberal Arts and Sciences,
Center for Excellence in Learning and Teaching,N.A.,
Pork Industry Center,N.A.,
National Insittitute Antimicrobial Resistance,N.A.,
College of Human Sciences,College of Human Sciences,
Forestry,College of Agriculture and Life Sciences,
Virtual Real Application Center,N.A.,
Bioinformatics & Computational Biology Graduate Program,N.A.,
Bioinformatics and Computational Biology,N.A.,
Center for Bioplastics and Biocomposites,N.A.,
Microelectronics Research Center,N.A.,
Biology,College of Liberal Arts and Sciences,
Business Analytics,Ivy College of Business,
Vice President for Research,N.A.,
,No Data,
